SysUseId,SysUseEmail,SysUsePassword,SysUseName
1,HeadOffice@Tailspin_Toys.com,†+Ø>Ïârñ÷ï /Å'Ù¨3),Tailspin Toys (Head Office)
2,Kiosk_SylvaniteMT@Tailspin_Toys.com,†+Ø>Ïârñ÷ï /Å'Ù¨3),"Tailspin Toys (Sylvanite, MT)"
3,24H_ShopPeeples_ValleyAZ@Tailspin_Toys.com,†+Ø>Ïârñ÷ï /Å'Ù¨3),"Tailspin Toys (Peeples Valley, AZ)"
4,Gas_Station_ShopMedicine_LodgeKS@Tailspin_Toys.com,†+Ø>Ïârñ÷ï /Å'Ù¨3),"Tailspin Toys (Medicine Lodge, KS)"
5,GiftShopGasportNY@Tailspin_Toys.com,†+Ø>Ïârñ÷ï /Å'Ù¨3),"Tailspin Toys (Gasport, NY)"
6,Novelty_ShopJessieND@Tailspin_Toys.com,†+Ø>Ïârñ÷ï /Å'Ù¨3),"Tailspin Toys (Jessie, ND)"
7,24H_ShopFrankewingTN@Tailspin_Toys.com,†+Ø>Ïârñ÷ï /Å'Ù¨3),"Tailspin Toys (Frankewing, TN)"
8,Gift_ShopBow_MarCO@Tailspin_Toys.com,†+Ø>Ïârñ÷ï /Å'Ù¨3),"Tailspin Toys (Bow Mar, CO)"
9,24H_ShopNetcongNJ@Tailspin_Toys.com,†+Ø>Ïârñ÷ï /Å'Ù¨3),"Tailspin Toys (Netcong, NJ)"
10,Gas_Station_ShopWimbledonND@Tailspin_Toys.com,†+Ø>Ïârñ÷ï /Å'Ù¨3),"Tailspin Toys (Wimbledon, ND)"
11,24H_ShopDevaultPA@Tailspin_Toys.com,†+Ø>Ïârñ÷ï /Å'Ù¨3),"Tailspin Toys (Devault, PA)"
12,Kiosk_BiscayMN@Tailspin_Toys.com,†+Ø>Ïârñ÷ï /Å'Ù¨3),"Tailspin Toys (Biscay, MN)"
13,24H_ShopStonefortIL@Tailspin_Toys.com,†+Ø>Ïârñ÷ï /Å'Ù¨3),"Tailspin Toys (Stonefort, IL)"
14,Gas_Station_ShopLong_MeadowMD@Tailspin_Toys.com,†+Ø>Ïârñ÷ï /Å'Ù¨3),"Tailspin Toys (Long Meadow, MD)"
15,Novelty_ShopBatsonTX@Tailspin_Toys.com,†+Ø>Ïârñ÷ï /Å'Ù¨3),"Tailspin Toys (Batson, TX)"
16,Kiosk_Coney_IslandMO@Tailspin_Toys.com,†+Ø>Ïârñ÷ï /Å'Ù¨3),"Tailspin Toys (Coney Island, MO)"
17,Novelty_ShopEast_FultonhamOH@Tailspin_Toys.com,†+Ø>Ïârñ÷ï /Å'Ù¨3),"Tailspin Toys (East Fultonham, OH)"
18,24H_ShopGoffstownNH@Tailspin_Toys.com,†+Ø>Ïârñ÷ï /Å'Ù¨3),"Tailspin Toys (Goffstown, NH)"
19,24H_ShopLemetaAK@Tailspin_Toys.com,†+Ø>Ïârñ÷ï /Å'Ù¨3),"Tailspin Toys (Lemeta, AK)"
20,Novelty_ShopCollege_PlaceWA@Tailspin_Toys.com,†+Ø>Ïârñ÷ï /Å'Ù¨3),"Tailspin Toys (College Place, WA)"
21,Novelty_ShopTresckowPA@Tailspin_Toys.com,†+Ø>Ïârñ÷ï /Å'Ù¨3),"Tailspin Toys (Tresckow, PA)"
22,Novelty_ShopWard_RidgeFL@Tailspin_Toys.com,†+Ø>Ïârñ÷ï /Å'Ù¨3),"Tailspin Toys (Ward Ridge, FL)"
23,Novelty_ShopIkatanAK@Tailspin_Toys.com,†+Ø>Ïârñ÷ï /Å'Ù¨3),"Tailspin Toys (Ikatan, AK)"
24,24H_ShopDundarrachNC@Tailspin_Toys.com,†+Ø>Ïârñ÷ï /Å'Ù¨3),"Tailspin Toys (Dundarrach, NC)"
25,Novelty_ShopAvenalCA@Tailspin_Toys.com,†+Ø>Ïârñ÷ï /Å'Ù¨3),"Tailspin Toys (Avenal, CA)"
26,24H_ShopHedrickIA@Tailspin_Toys.com,†+Ø>Ïârñ÷ï /Å'Ù¨3),"Tailspin Toys (Hedrick, IA)"
27,24H_ShopBowlusMN@Tailspin_Toys.com,†+Ø>Ïârñ÷ï /Å'Ù¨3),"Tailspin Toys (Bowlus, MN)"
28,Gift_ShopNorth_RidgeNY@Tailspin_Toys.com,†+Ø>Ïârñ÷ï /Å'Ù¨3),"Tailspin Toys (North Ridge, NY)"
29,Novelty_ShopEulatonAL@Tailspin_Toys.com,†+Ø>Ïârñ÷ï /Å'Ù¨3),"Tailspin Toys (Eulaton, AL)"
30,Gift_ShopKoontzvilleWA@Tailspin_Toys.com,†+Ø>Ïârñ÷ï /Å'Ù¨3),"Tailspin Toys (Koontzville, WA)"
31,24H_ShopLake_StevensWA@Tailspin_Toys.com,†+Ø>Ïârñ÷ï /Å'Ù¨3),"Tailspin Toys (Lake Stevens, WA)"
32,24H_ShopMaypearlTX@Tailspin_Toys.com,†+Ø>Ïârñ÷ï /Å'Ù¨3),"Tailspin Toys (Maypearl, TX)"
33,Novelty_ShopBoyden_ArborSC@Tailspin_Toys.com,†+Ø>Ïârñ÷ï /Å'Ù¨3),"Tailspin Toys (Boyden Arbor, SC)"
34,Novelty_ShopDallardsvilleTX@Tailspin_Toys.com,†+Ø>Ïârñ÷ï /Å'Ù¨3),"Tailspin Toys (Dallardsville, TX)"
35,Gift_ShopSlanesvilleWV@Tailspin_Toys.com,†+Ø>Ïârñ÷ï /Å'Ù¨3),"Tailspin Toys (Slanesville, WV)"
36,Gift_ShopEkronKY@Tailspin_Toys.com,†+Ø>Ïârñ÷ï /Å'Ù¨3),"Tailspin Toys (Ekron, KY)"
37,Gas_Station_ShopKerbyOR@Tailspin_Toys.com,†+Ø>Ïârñ÷ï /Å'Ù¨3),"Tailspin Toys (Kerby, OR)"
38,Gift_ShopAirport_DriveMO@Tailspin_Toys.com,†+Ø>Ïârñ÷ï /Å'Ù¨3),"Tailspin Toys (Airport Drive, MO)"
39,Gas_Station_ShopDiablockKY@Tailspin_Toys.com,†+Ø>Ïârñ÷ï /Å'Ù¨3),"Tailspin Toys (Diablock, KY)"
40,24H_ShopImpactTX@Tailspin_Toys.com,†+Ø>Ïârñ÷ï /Å'Ù¨3),"Tailspin Toys (Impact, TX)"
41,24H_ShopOlivetteMO@Tailspin_Toys.com,†+Ø>Ïârñ÷ï /Å'Ù¨3),"Tailspin Toys (Olivette, MO)"
42,Novelty_ShopAriettaNY@Tailspin_Toys.com,†+Ø>Ïârñ÷ï /Å'Ù¨3),"Tailspin Toys (Arietta, NY)"
43,KioskUpper_PrestonWA@Tailspin_Toys.com,†+Ø>Ïârñ÷ï /Å'Ù¨3),"Tailspin Toys (Upper Preston, WA)"
44,Novelty_ShopAmanda_ParkWA@Tailspin_Toys.com,†+Ø>Ïârñ÷ï /Å'Ù¨3),"Tailspin Toys (Amanda Park, WA)"
45,Novelty_ShopSeverna_ParkMD@Tailspin_Toys.com,†+Ø>Ïârñ÷ï /Å'Ù¨3),"Tailspin Toys (Severna Park, MD)"
46,Novelty_ShopJemisonAL@Tailspin_Toys.com,†+Ø>Ïârñ÷ï /Å'Ù¨3),"Tailspin Toys (Jemison, AL)"
47,Gas_Station_ShopLake_HughesCA@Tailspin_Toys.com,†+Ø>Ïârñ÷ï /Å'Ù¨3),"Tailspin Toys (Lake Hughes, CA)"
48,Novelty_ShopTrentwoodWA@Tailspin_Toys.com,†+Ø>Ïârñ÷ï /Å'Ù¨3),"Tailspin Toys (Trentwood, WA)"
49,Gas_Station_ShopMuirMI@Tailspin_Toys.com,†+Ø>Ïârñ÷ï /Å'Ù¨3),"Tailspin Toys (Muir, MI)"
50,Novelty_ShopHambletonWV@Tailspin_Toys.com,†+Ø>Ïârñ÷ï /Å'Ù¨3),"Tailspin Toys (Hambleton, WV)"
51,Novelty_ShopImlaystownNJ@Tailspin_Toys.com,†+Ø>Ïârñ÷ï /Å'Ù¨3),"Tailspin Toys (Imlaystown, NJ)"
52,Gas_Station_ShopIdriaCA@Tailspin_Toys.com,†+Ø>Ïârñ÷ï /Å'Ù¨3),"Tailspin Toys (Idria, CA)"
53,24H_ShopNanafaliaAL@Tailspin_Toys.com,†+Ø>Ïârñ÷ï /Å'Ù¨3),"Tailspin Toys (Nanafalia, AL)"
54,Novelty_ShopRailroadPA@Tailspin_Toys.com,†+Ø>Ïârñ÷ï /Å'Ù¨3),"Tailspin Toys (Railroad, PA)"
55,Kiosk_Gum_BranchGA@Tailspin_Toys.com,†+Ø>Ïârñ÷ï /Å'Ù¨3),"Tailspin Toys (Gum Branch, GA)"
56,Gas_Station_ShopRoyal_CityWA@Tailspin_Toys.com,†+Ø>Ïârñ÷ï /Å'Ù¨3),"Tailspin Toys (Royal City, WA)"
57,Kiosk_LakemoreOH@Tailspin_Toys.com,†+Ø>Ïârñ÷ï /Å'Ù¨3),"Tailspin Toys (Lakemore, OH)"
58,Gift_ShopMappsburgVA@Tailspin_Toys.com,†+Ø>Ïârñ÷ï /Å'Ù¨3),"Tailspin Toys (Mappsburg, VA)"
59,Gift_ShopEdgartownMA@Tailspin_Toys.com,†+Ø>Ïârñ÷ï /Å'Ù¨3),"Tailspin Toys (Edgartown, MA)"
60,Gift_ShopEast_DaileyWV@Tailspin_Toys.com,†+Ø>Ïârñ÷ï /Å'Ù¨3),"Tailspin Toys (East Dailey, WV)"
61,Gas_Station_ShopFairfield_GladeTN@Tailspin_Toys.co,†+Ø>Ïârñ÷ï /Å'Ù¨3),"Tailspin Toys (Fairfield Glade, TN)"
62,Gift_ShopGreat_Neck_EstatesNY@Tailspin_Toys.com,†+Ø>Ïârñ÷ï /Å'Ù¨3),"Tailspin Toys (Great Neck Estates, NY)"
63,24H_ShopStallion_SpringsCA@Tailspin_Toys.com,†+Ø>Ïârñ÷ï /Å'Ù¨3),"Tailspin Toys (Stallion Springs, CA)"
64,24H_ShopHodgdonME@Tailspin_Toys.com,†+Ø>Ïârñ÷ï /Å'Ù¨3),"Tailspin Toys (Hodgdon, ME)"
65,Novelty_ShopNorth_CowdenTX@Tailspin_Toys.com,†+Ø>Ïârñ÷ï /Å'Ù¨3),"Tailspin Toys (North Cowden, TX)"
66,Gas_Station_ShopMadaketMA@Tailspin_Toys.com,†+Ø>Ïârñ÷ï /Å'Ù¨3),"Tailspin Toys (Madaket, MA)"
67,Novelty_ShopSentinel_ButteND@Tailspin_Toys.com,†+Ø>Ïârñ÷ï /Å'Ù¨3),"Tailspin Toys (Sentinel Butte, ND)"
68,Novelty_ShopGardereLA@Tailspin_Toys.com,†+Ø>Ïârñ÷ï /Å'Ù¨3),"Tailspin Toys (Gardere, LA)"
69,Novelty_ShopLytle_CreekCA@Tailspin_Toys.com,†+Ø>Ïârñ÷ï /Å'Ù¨3),"Tailspin Toys (Lytle Creek, CA)"
70,24H_ShopNew_BadenIL@Tailspin_Toys.com,†+Ø>Ïârñ÷ï /Å'Ù¨3),"Tailspin Toys (New Baden, IL)"
71,Gas_Station_ShopGood_HartMI@Tailspin_Toys.com,†+Ø>Ïârñ÷ï /Å'Ù¨3),"Tailspin Toys (Good Hart, MI)"
72,Kiosk_CortaroAZ@Tailspin_Toys.com,†+Ø>Ïârñ÷ï /Å'Ù¨3),"Tailspin Toys (Cortaro, AZ)"
73,Gift_ShopCokatoMN@Tailspin_Toys.com,†+Ø>Ïârñ÷ï /Å'Ù¨3),"Tailspin Toys (Cokato, MN)"
74,Kiosk_IndiosPR@Tailspin_Toys.com,†+Ø>Ïârñ÷ï /Å'Ù¨3),"Tailspin Toys (Indios, PR)"
75,Novelty_ShopWindsor_LocksCT@Tailspin_Toys.com,†+Ø>Ïârñ÷ï /Å'Ù¨3),"Tailspin Toys (Windsor Locks, CT)"
76,24H_ShopYewedOK@Tailspin_Toys.com,†+Ø>Ïârñ÷ï /Å'Ù¨3),"Tailspin Toys (Yewed, OK)"
77,Kiosk_HahiraGA@Tailspin_Toys.com,†+Ø>Ïârñ÷ï /Å'Ù¨3),"Tailspin Toys (Hahira, GA)"
78,24H_ShopSekiuWA@Tailspin_Toys.com,†+Ø>Ïârñ÷ï /Å'Ù¨3),"Tailspin Toys (Sekiu, WA)"
79,24H_ShopPage_CityKS@Tailspin_Toys.com,†+Ø>Ïârñ÷ï /Å'Ù¨3),"Tailspin Toys (Page City, KS)"
80,Novelty_ShopValdeseNC@Tailspin_Toys.com,†+Ø>Ïârñ÷ï /Å'Ù¨3),"Tailspin Toys (Valdese, NC)"
81,Novelty_ShopBig_MooseNY@Tailspin_Toys.com,†+Ø>Ïârñ÷ï /Å'Ù¨3),"Tailspin Toys (Big Moose, NY)"
82,24H_ShopLa_CuevaNM@Tailspin_Toys.com,†+Ø>Ïârñ÷ï /Å'Ù¨3),"Tailspin Toys (La Cueva, NM)"
83,Novelty_ShopAbseconNJ@Tailspin_Toys.com,†+Ø>Ïârñ÷ï /Å'Ù¨3),"Tailspin Toys (Absecon, NJ)"
84,Novelty_ShopAceitunasPR@Tailspin_Toys.com,†+Ø>Ïârñ÷ï /Å'Ù¨3),"Tailspin Toys (Aceitunas, PR)"
85,Kiosk_AndrixCO@Tailspin_Toys.com,†+Ø>Ïârñ÷ï /Å'Ù¨3),"Tailspin Toys (Andrix, CO)"
86,Novelty_ShopNew_LexingtonOH@Tailspin_Toys.com,†+Ø>Ïârñ÷ï /Å'Ù¨3),"Tailspin Toys (New Lexington, OH)"
87,Kiosk_SauquoitNY@Tailspin_Toys.com,†+Ø>Ïârñ÷ï /Å'Ù¨3),"Tailspin Toys (Sauquoit, NY)"
88,Novelty_ShopDracutMA@Tailspin_Toys.com,†+Ø>Ïârñ÷ï /Å'Ù¨3),"Tailspin Toys (Dracut, MA)"
89,Gift_ShopVictory_GardensNJ@Tailspin_Toys.com,†+Ø>Ïârñ÷ï /Å'Ù¨3),"Tailspin Toys (Victory Gardens, NJ)"
90,Kiosk_TolnaND@Tailspin_Toys.com,†+Ø>Ïârñ÷ï /Å'Ù¨3),"Tailspin Toys (Tolna, ND)"
91,Novelty_ShopAlsteadNH@Tailspin_Toys.com,†+Ø>Ïârñ÷ï /Å'Ù¨3),"Tailspin Toys (Alstead, NH)"
92,Gas_Station_ShopSans_SouciSC@Tailspin_Toys.com,†+Ø>Ïârñ÷ï /Å'Ù¨3),"Tailspin Toys (Sans Souci, SC)"
93,Novelty_ShopClewistonFL@Tailspin_Toys.com,†+Ø>Ïârñ÷ï /Å'Ù¨3),"Tailspin Toys (Clewiston, FL)"
94,Novelty_ShopCheyenne_WellsCO@Tailspin_Toys.com,†+Ø>Ïârñ÷ï /Å'Ù¨3),"Tailspin Toys (Cheyenne Wells, CO)"
95,24H_ShopLavonTX@Tailspin_Toys.com,†+Ø>Ïârñ÷ï /Å'Ù¨3),"Tailspin Toys (Lavon, TX)"
96,Kiosk_South_La_PalomaTX@Tailspin_Toys.com,†+Ø>Ïârñ÷ï /Å'Ù¨3),"Tailspin Toys (South La Paloma, TX)"
97,24H_ShopManchester_CenterVT@Tailspin_Toys.com,†+Ø>Ïârñ÷ï /Å'Ù¨3),"Tailspin Toys (Manchester Center, VT)"
98,Novelty_ShopEl_CentroCA@Tailspin_Toys.com,†+Ø>Ïârñ÷ï /Å'Ù¨3),"Tailspin Toys (El Centro, CA)"
99,Novelty_ShopGuinAL@Tailspin_Toys.com,†+Ø>Ïârñ÷ï /Å'Ù¨3),"Tailspin Toys (Guin, AL)"
100,Gift_ShopTunnelhillPA@Tailspin_Toys.com,†+Ø>Ïârñ÷ï /Å'Ù¨3),"Tailspin Toys (Tunnelhill, PA)"
101,Novelty_ShopCundiyoNM@Tailspin_Toys.com,†+Ø>Ïârñ÷ï /Å'Ù¨3),"Tailspin Toys (Cundiyo, NM)"
102,Gift_ShopFieldbrookCA@Tailspin_Toys.com,†+Ø>Ïârñ÷ï /Å'Ù¨3),"Tailspin Toys (Fieldbrook, CA)"
103,Novelty_ShopKalvestaKS@Tailspin_Toys.com,†+Ø>Ïârñ÷ï /Å'Ù¨3),"Tailspin Toys (Kalvesta, KS)"
104,Gift_ShopWallagrassME@Tailspin_Toys.com,†+Ø>Ïârñ÷ï /Å'Ù¨3),"Tailspin Toys (Wallagrass, ME)"
105,Gift_ShopTomnolenMS@Tailspin_Toys.com,†+Ø>Ïârñ÷ï /Å'Ù¨3),"Tailspin Toys (Tomnolen, MS)"
106,Kiosk_TumacacoriAZ@Tailspin_Toys.com,†+Ø>Ïârñ÷ï /Å'Ù¨3),"Tailspin Toys (Tumacacori, AZ)"
107,Gift_ShopGlen_AvonCA@Tailspin_Toys.com,†+Ø>Ïârñ÷ï /Å'Ù¨3),"Tailspin Toys (Glen Avon, CA)"
108,Gas_Station_ShopBernieMO@Tailspin_Toys.com,†+Ø>Ïârñ÷ï /Å'Ù¨3),"Tailspin Toys (Bernie, MO)"
109,24H_ShopSouth_LagunaCA@Tailspin_Toys.com,†+Ø>Ïârñ÷ï /Å'Ù¨3),"Tailspin Toys (South Laguna, CA)"
110,Gas_Station_ShopNorth_Crows_NestIN@Tailspin_Toys.c,†+Ø>Ïârñ÷ï /Å'Ù¨3),"Tailspin Toys (North Crows Nest, IN)"
111,Kiosk_Oriole_BeachFL@Tailspin_Toys.com,†+Ø>Ïârñ÷ï /Å'Ù¨3),"Tailspin Toys (Oriole Beach, FL)"
112,24H_ShopSallyardsKS@Tailspin_Toys.com,†+Ø>Ïârñ÷ï /Å'Ù¨3),"Tailspin Toys (Sallyards, KS)"
113,Novelty_ShopDahliaNM@Tailspin_Toys.com,†+Ø>Ïârñ÷ï /Å'Ù¨3),"Tailspin Toys (Dahlia, NM)"
114,Novelty_ShopCherry_Grove_BeachSC@Tailspin_Toys.com,†+Ø>Ïârñ÷ï /Å'Ù¨3),"Tailspin Toys (Cherry Grove Beach, SC)"
115,Novelty_ShopBethaniaNC@Tailspin_Toys.com,†+Ø>Ïârñ÷ï /Å'Ù¨3),"Tailspin Toys (Bethania, NC)"
116,24H_ShopRafael_CapóPR@Tailspin_Toys.com,†+Ø>Ïârñ÷ï /Å'Ù¨3),"Tailspin Toys (Rafael Capó, PR)"
117,Novelty_ShopScofieldUT@Tailspin_Toys.com,†+Ø>Ïârñ÷ï /Å'Ù¨3),"Tailspin Toys (Scofield, UT)"
118,24H_ShopVassalboroME@Tailspin_Toys.com,†+Ø>Ïârñ÷ï /Å'Ù¨3),"Tailspin Toys (Vassalboro, ME)"
119,24H_ShopStatenvilleGA@Tailspin_Toys.com,†+Ø>Ïârñ÷ï /Å'Ù¨3),"Tailspin Toys (Statenville, GA)"
120,Novelty_ShopBratenahlOH@Tailspin_Toys.com,†+Ø>Ïârñ÷ï /Å'Ù¨3),"Tailspin Toys (Bratenahl, OH)"
121,Gift_ShopElrosaMN@Tailspin_Toys.com,†+Ø>Ïârñ÷ï /Å'Ù¨3),"Tailspin Toys (Elrosa, MN)"
122,Gift_ShopMcClaveCO@Tailspin_Toys.com,†+Ø>Ïârñ÷ï /Å'Ù¨3),"Tailspin Toys (McClave, CO)"
123,Novelty_ShopRoe_ParkNY@Tailspin_Toys.com,†+Ø>Ïârñ÷ï /Å'Ù¨3),"Tailspin Toys (Roe Park, NY)"
124,Gift_ShopHanovertonOH@Tailspin_Toys.com,†+Ø>Ïârñ÷ï /Å'Ù¨3),"Tailspin Toys (Hanoverton, OH)"
125,24H_ShopAnnamoriahWV@Tailspin_Toys.com,†+Ø>Ïârñ÷ï /Å'Ù¨3),"Tailspin Toys (Annamoriah, WV)"
126,Novelty_ShopFrancis_MillsNJ@Tailspin_Toys.com,†+Ø>Ïârñ÷ï /Å'Ù¨3),"Tailspin Toys (Francis Mills, NJ)"
127,Kiosk_Point_RobertsWA@Tailspin_Toys.com,†+Ø>Ïârñ÷ï /Å'Ù¨3),"Tailspin Toys (Point Roberts, WA)"
128,Novelty_ShopEast_PortalCO@Tailspin_Toys.com,†+Ø>Ïârñ÷ï /Å'Ù¨3),"Tailspin Toys (East Portal, CO)"
129,Novelty_ShopMineral_HillsMI@Tailspin_Toys.com,†+Ø>Ïârñ÷ï /Å'Ù¨3),"Tailspin Toys (Mineral Hills, MI)"
130,Gas_Station_ShopMaple_ShadeNJ@Tailspin_Toys.com,†+Ø>Ïârñ÷ï /Å'Ù¨3),"Tailspin Toys (Maple Shade, NJ)"
131,Gift_ShopKwethlukAK@Tailspin_Toys.com,†+Ø>Ïârñ÷ï /Å'Ù¨3),"Tailspin Toys (Kwethluk, AK)"
132,Gas_Station_ShopMinidokaID@Tailspin_Toys.com,†+Ø>Ïârñ÷ï /Å'Ù¨3),"Tailspin Toys (Minidoka, ID)"
133,Gas_Station_ShopLake_Erie_BeachNY@Tailspin_Toys.co,†+Ø>Ïârñ÷ï /Å'Ù¨3),"Tailspin Toys (Lake Erie Beach, NY)"
134,Novelty_ShopTavaresFL@Tailspin_Toys.com,†+Ø>Ïârñ÷ï /Å'Ù¨3),"Tailspin Toys (Tavares, FL)"
135,Novelty_ShopTerre_du_LacMO@Tailspin_Toys.com,†+Ø>Ïârñ÷ï /Å'Ù¨3),"Tailspin Toys (Terre du Lac, MO)"
136,Kiosk_Mount_MontgomeryNV@Tailspin_Toys.com,†+Ø>Ïârñ÷ï /Å'Ù¨3),"Tailspin Toys (Mount Montgomery, NV)"
137,24H_ShopCarbonvilleUT@Tailspin_Toys.com,†+Ø>Ïârñ÷ï /Å'Ù¨3),"Tailspin Toys (Carbonville, UT)"
138,Novelty_ShopNavassaNC@Tailspin_Toys.com,†+Ø>Ïârñ÷ï /Å'Ù¨3),"Tailspin Toys (Navassa, NC)"
139,24H_ShopHardeevilleSC@Tailspin_Toys.com,†+Ø>Ïârñ÷ï /Å'Ù¨3),"Tailspin Toys (Hardeeville, SC)"
140,Gift_ShopFurleyKS@Tailspin_Toys.com,†+Ø>Ïârñ÷ï /Å'Ù¨3),"Tailspin Toys (Furley, KS)"
141,Gas_Station_ShopArrow_RockMO@Tailspin_Toys.com,†+Ø>Ïârñ÷ï /Å'Ù¨3),"Tailspin Toys (Arrow Rock, MO)"
142,Novelty_ShopKing_CoveAK@Tailspin_Toys.com,†+Ø>Ïârñ÷ï /Å'Ù¨3),"Tailspin Toys (King Cove, AK)"
143,Novelty_ShopAshtabulaOH@Tailspin_Toys.com,†+Ø>Ïârñ÷ï /Å'Ù¨3),"Tailspin Toys (Ashtabula, OH)"
144,Novelty_ShopLaroseLA@Tailspin_Toys.com,†+Ø>Ïârñ÷ï /Å'Ù¨3),"Tailspin Toys (Larose, LA)"
145,Kiosk_ManahawkinNJ@Tailspin_Toys.com,†+Ø>Ïârñ÷ï /Å'Ù¨3),"Tailspin Toys (Manahawkin, NJ)"
146,Novelty_ShopBelgreenAL@Tailspin_Toys.com,†+Ø>Ïârñ÷ï /Å'Ù¨3),"Tailspin Toys (Belgreen, AL)"
147,24H_ShopFishtailMT@Tailspin_Toys.com,†+Ø>Ïârñ÷ï /Å'Ù¨3),"Tailspin Toys (Fishtail, MT)"
148,Kiosk_BarabooWI@Tailspin_Toys.com,†+Ø>Ïârñ÷ï /Å'Ù¨3),"Tailspin Toys (Baraboo, WI)"
149,Novelty_ShopInguadonaMN@Tailspin_Toys.com,†+Ø>Ïârñ÷ï /Å'Ù¨3),"Tailspin Toys (Inguadona, MN)"
150,Gas_Station_ShopCorfuNY@Tailspin_Toys.com,†+Ø>Ïârñ÷ï /Å'Ù¨3),"Tailspin Toys (Corfu, NY)"
151,Novelty_ShopAntaresAZ@Tailspin_Toys.com,†+Ø>Ïârñ÷ï /Å'Ù¨3),"Tailspin Toys (Antares, AZ)"
152,Novelty_ShopSun_RiverMT@Tailspin_Toys.com,†+Ø>Ïârñ÷ï /Å'Ù¨3),"Tailspin Toys (Sun River, MT)"
153,24H_ShopMarcellMN@Tailspin_Toys.com,†+Ø>Ïârñ÷ï /Å'Ù¨3),"Tailspin Toys (Marcell, MN)"
154,Novelty_ShopEden_ValleyMN@Tailspin_Toys.com,†+Ø>Ïârñ÷ï /Å'Ù¨3),"Tailspin Toys (Eden Valley, MN)"
155,Gift_ShopArbor_VitaeWI@Tailspin_Toys.com,†+Ø>Ïârñ÷ï /Å'Ù¨3),"Tailspin Toys (Arbor Vitae, WI)"
156,24H_ShopHollywood_ParkTX@Tailspin_Toys.com,†+Ø>Ïârñ÷ï /Å'Ù¨3),"Tailspin Toys (Hollywood Park, TX)"
157,Gift_ShopSaksAL@Tailspin_Toys.com,†+Ø>Ïârñ÷ï /Å'Ù¨3),"Tailspin Toys (Saks, AL)"
158,Gift_ShopDonnerLA@Tailspin_Toys.com,†+Ø>Ïârñ÷ï /Å'Ù¨3),"Tailspin Toys (Donner, LA)"
159,Kiosk_Saint_Louis_ParkMN@Tailspin_Toys.com,†+Ø>Ïârñ÷ï /Å'Ù¨3),"Tailspin Toys (Saint Louis Park, MN)"
160,Novelty_ShopCraryND@Tailspin_Toys.com,†+Ø>Ïârñ÷ï /Å'Ù¨3),"Tailspin Toys (Crary, ND)"
161,Kiosk_Aspen_ParkCO@Tailspin_Toys.com,†+Ø>Ïârñ÷ï /Å'Ù¨3),"Tailspin Toys (Aspen Park, CO)"
162,Novelty_ShopGlen_ParkNY@Tailspin_Toys.com,†+Ø>Ïârñ÷ï /Å'Ù¨3),"Tailspin Toys (Glen Park, NY)"
163,Gas_Station_ShopPanacaNV@Tailspin_Toys.com,†+Ø>Ïârñ÷ï /Å'Ù¨3),"Tailspin Toys (Panaca, NV)"
164,24H_ShopRothsvillePA@Tailspin_Toys.com,†+Ø>Ïârñ÷ï /Å'Ù¨3),"Tailspin Toys (Rothsville, PA)"
165,Novelty_ShopTopstoneCT@Tailspin_Toys.com,†+Ø>Ïârñ÷ï /Å'Ù¨3),"Tailspin Toys (Topstone, CT)"
166,Gift_ShopMcCameyTX@Tailspin_Toys.com,†+Ø>Ïârñ÷ï /Å'Ù¨3),"Tailspin Toys (McCamey, TX)"
167,24H_ShopRockwallTX@Tailspin_Toys.com,†+Ø>Ïârñ÷ï /Å'Ù¨3),"Tailspin Toys (Rockwall, TX)"
168,Novelty_ShopSeagravesTX@Tailspin_Toys.com,†+Ø>Ïârñ÷ï /Å'Ù¨3),"Tailspin Toys (Seagraves, TX)"
169,Gas_Station_ShopSinclairWY@Tailspin_Toys.com,†+Ø>Ïârñ÷ï /Å'Ù¨3),"Tailspin Toys (Sinclair, WY)"
170,Novelty_ShopEastchesterNY@Tailspin_Toys.com,†+Ø>Ïârñ÷ï /Å'Ù¨3),"Tailspin Toys (Eastchester, NY)"
171,Novelty_ShopOrtley_BeachNJ@Tailspin_Toys.com,†+Ø>Ïârñ÷ï /Å'Ù¨3),"Tailspin Toys (Ortley Beach, NJ)"
172,Novelty_ShopMadroneNM@Tailspin_Toys.com,†+Ø>Ïârñ÷ï /Å'Ù¨3),"Tailspin Toys (Madrone, NM)"
173,Novelty_ShopWappingers_FallsNY@Tailspin_Toys.com,†+Ø>Ïârñ÷ï /Å'Ù¨3),"Tailspin Toys (Wappingers Falls, NY)"
174,Kiosk_Astor_ParkFL@Tailspin_Toys.com,†+Ø>Ïârñ÷ï /Å'Ù¨3),"Tailspin Toys (Astor Park, FL)"
175,Gift_ShopSan_AcaciaNM@Tailspin_Toys.com,†+Ø>Ïârñ÷ï /Å'Ù¨3),"Tailspin Toys (San Acacia, NM)"
176,Gas_Station_ShopMalottWA@Tailspin_Toys.com,†+Ø>Ïârñ÷ï /Å'Ù¨3),"Tailspin Toys (Malott, WA)"
177,Novelty_ShopOrrtannaPA@Tailspin_Toys.com,†+Ø>Ïârñ÷ï /Å'Ù¨3),"Tailspin Toys (Orrtanna, PA)"
178,Kiosk_Armstrong_CreekWI@Tailspin_Toys.com,†+Ø>Ïârñ÷ï /Å'Ù¨3),"Tailspin Toys (Armstrong Creek, WI)"
179,Novelty_ShopHitemanIA@Tailspin_Toys.com,†+Ø>Ïârñ÷ï /Å'Ù¨3),"Tailspin Toys (Hiteman, IA)"
180,Quiosk_CaseltonNV@Tailspin_Toys.com,†+Ø>Ïârñ÷ï /Å'Ù¨3),"Tailspin Toys (Caselton, NV)"
181,Novelty_ShopHeilwoodPA@Tailspin_Toys.com,†+Ø>Ïârñ÷ï /Å'Ù¨3),"Tailspin Toys (Heilwood, PA)"
182,Kiosk_Hayes_CenterNE@Tailspin_Toys.com,†+Ø>Ïârñ÷ï /Å'Ù¨3),"Tailspin Toys (Hayes Center, NE)"
183,Kiosk_Tierra_VerdeFL@Tailspin_Toys.com,†+Ø>Ïârñ÷ï /Å'Ù¨3),"Tailspin Toys (Tierra Verde, FL)"
184,Novelty_ShopSouth_EuclidOH@Tailspin_Toys.com,†+Ø>Ïârñ÷ï /Å'Ù¨3),"Tailspin Toys (South Euclid, OH)"
185,Gift_ShopVidrineLA@Tailspin_Toys.com,†+Ø>Ïârñ÷ï /Å'Ù¨3),"Tailspin Toys (Vidrine, LA)"
186,Gas_Station_ShopPlacerOR@Tailspin_Toys.com,†+Ø>Ïârñ÷ï /Å'Ù¨3),"Tailspin Toys (Placer, OR)"
187,24H_ShopBrown_CityMI@Tailspin_Toys.com,†+Ø>Ïârñ÷ï /Å'Ù¨3),"Tailspin Toys (Brown City, MI)"
188,Gift_ShopPremontTX@Tailspin_Toys.com,†+Ø>Ïârñ÷ï /Å'Ù¨3),"Tailspin Toys (Premont, TX)"
189,Gift_ShopWilkes-BarrePA@Tailspin_Toys.com,†+Ø>Ïârñ÷ï /Å'Ù¨3),"Tailspin Toys (Wilkes-Barre, PA)"
190,KioskTeutopolisIL@Tailspin_Toys.com,†+Ø>Ïârñ÷ï /Å'Ù¨3),"Tailspin Toys (Teutopolis, IL)"
191,Novelty_ShopOrchard_HillGA@Tailspin_Toys.com,†+Ø>Ïârñ÷ï /Å'Ù¨3),"Tailspin Toys (Orchard Hill, GA)"
192,GiftShopOptimoNM@Tailspin_Toys.com,†+Ø>Ïârñ÷ï /Å'Ù¨3),"Tailspin Toys (Optimo, NM)"
193,Novelty_ShopKnifleyKY@Tailspin_Toys.com,†+Ø>Ïârñ÷ï /Å'Ù¨3),"Tailspin Toys (Knifley, KY)"
194,Gift_ShopNaples_ParkFL@Tailspin_Toys.com,†+Ø>Ïârñ÷ï /Å'Ù¨3),"Tailspin Toys (Naples Park, FL)"
195,Novelty_ShopLesslieSC@Tailspin_Toys.com,†+Ø>Ïârñ÷ï /Å'Ù¨3),"Tailspin Toys (Lesslie, SC)"
196,Novelty_ShopHowellsNE@Tailspin_Toys.com,†+Ø>Ïârñ÷ï /Å'Ù¨3),"Tailspin Toys (Howells, NE)"
197,KioskMagaliaCA@Tailspin_Toys.com,†+Ø>Ïârñ÷ï /Å'Ù¨3),"Tailspin Toys (Magalia, CA)"
198,Gift_ShopBuellMO@Tailspin_Toys.com,†+Ø>Ïârñ÷ï /Å'Ù¨3),"Tailspin Toys (Buell, MO)"
199,24H_ShopAntonitoCO@Tailspin_Toys.com,†+Ø>Ïârñ÷ï /Å'Ù¨3),"Tailspin Toys (Antonito, CO)"
200,24H_ShopTooeleUT@Tailspin_Toys.com,†+Ø>Ïârñ÷ï /Å'Ù¨3),"Tailspin Toys (Tooele, UT)"
201,Novelty_ShopSkywayWA@Tailspin_Toys.com,†+Ø>Ïârñ÷ï /Å'Ù¨3),"Tailspin Toys (Skyway, WA)"
202,HeadOffice@Wingtip_Toys.com,†+Ø>Ïârñ÷ï /Å'Ù¨3),Wingtip Toys (Head Office)
203,Gas_Station_ShopBlack_LickPA@Wingtip_Toys.com,†+Ø>Ïârñ÷ï /Å'Ù¨3),"Wingtip Toys (Black Lick, PA)"
204,Gift_ShopQueen_ValleyAZ@Wingtip_Toys.com,†+Ø>Ïârñ÷ï /Å'Ù¨3),"Wingtip Toys (Queen Valley, AZ)"
205,24H_ShopPenns_CreekPA@Wingtip_Toys.com,†+Ø>Ïârñ÷ï /Å'Ù¨3),"Wingtip Toys (Penns Creek, PA)"
206,Gas_Station_ShopBourbonnaisIL@Wingtip_Toys.com,†+Ø>Ïârñ÷ï /Å'Ù¨3),"Wingtip Toys (Bourbonnais, IL)"
207,Kiosk_TuscaloosaAL@Wingtip_Toys.com,†+Ø>Ïârñ÷ï /Å'Ù¨3),"Wingtip Toys (Tuscaloosa, AL)"
208,24H_ShopMooringsportLA@Wingtip_Toys.com,†+Ø>Ïârñ÷ï /Å'Ù¨3),"Wingtip Toys (Mooringsport, LA)"
209,Novelty_ShopRockwallTX@Wingtip_Toys.com,†+Ø>Ïârñ÷ï /Å'Ù¨3),"Wingtip Toys (Rockwall, TX)"
210,Novelty_ShopOrickCA@Wingtip_Toys.com,†+Ø>Ïârñ÷ï /Å'Ù¨3),"Wingtip Toys (Orick, CA)"
211,24H_ShopBernsteinTX@Wingtip_Toys.com,†+Ø>Ïârñ÷ï /Å'Ù¨3),"Wingtip Toys (Bernstein, TX)"
212,24H_ShopEdmundWI@Wingtip_Toys.com,†+Ø>Ïârñ÷ï /Å'Ù¨3),"Wingtip Toys (Edmund, WI)"
213,Gift_ShopBozeman_Hot_SpringsMT@Wingtip_Toys.com,†+Ø>Ïârñ÷ï /Å'Ù¨3),"Wingtip Toys (Bozeman Hot Springs, MT)"
214,24H_ShopTruscottTX@Wingtip_Toys.com,†+Ø>Ïârñ÷ï /Å'Ù¨3),"Wingtip Toys (Truscott, TX)"
215,Novelty_ShopRose_TreePA@Wingtip_Toys.com,†+Ø>Ïârñ÷ï /Å'Ù¨3),"Wingtip Toys (Rose Tree, PA)"
216,Novelty_ShopLeathersvilleGA@Wingtip_Toys.com,†+Ø>Ïârñ÷ï /Å'Ù¨3),"Wingtip Toys (Leathersville, GA)"
217,Novelty_ShopNecedahWI@Wingtip_Toys.com,†+Ø>Ïârñ÷ï /Å'Ù¨3),"Wingtip Toys (Necedah, WI)"
218,24H_ShopChetekWI@Wingtip_Toys.com,†+Ø>Ïârñ÷ï /Å'Ù¨3),"Wingtip Toys (Chetek, WI)"
219,Gift_ShopYaakMT@Wingtip_Toys.com,†+Ø>Ïârñ÷ï /Å'Ù¨3),"Wingtip Toys (Yaak, MT)"
220,Gas_Station_ShopCompass_LakeFL@Wingtip_Toys.com,†+Ø>Ïârñ÷ï /Å'Ù¨3),"Wingtip Toys (Compass Lake, FL)"
221,Novelty_ShopHerlongCA@Wingtip_Toys.com,†+Ø>Ïârñ÷ï /Å'Ù¨3),"Wingtip Toys (Herlong, CA)"
222,Novelty_ShopHighland_HomeAL@Wingtip_Toys.com,†+Ø>Ïârñ÷ï /Å'Ù¨3),"Wingtip Toys (Highland Home, AL)"
223,Novelty_ShopNachesWA@Wingtip_Toys.com,†+Ø>Ïârñ÷ï /Å'Ù¨3),"Wingtip Toys (Naches, WA)"
224,Novelty_ShopBaldwin_CityKS@Wingtip_Toys.com,†+Ø>Ïârñ÷ï /Å'Ù¨3),"Wingtip Toys (Baldwin City, KS)"
225,Novelty_ShopHeartwellNE@Wingtip_Toys.com,†+Ø>Ïârñ÷ï /Å'Ù¨3),"Wingtip Toys (Heartwell, NE)"
226,Novelty_ShopBethel_AcresOK@Wingtip_Toys.com,†+Ø>Ïârñ÷ï /Å'Ù¨3),"Wingtip Toys (Bethel Acres, OK)"
227,Novelty_ShopWillow_ValleyAZ@Wingtip_Toys.com,†+Ø>Ïârñ÷ï /Å'Ù¨3),"Wingtip Toys (Willow Valley, AZ)"
228,Novelty_ShopAthol_SpringsNY@Wingtip_Toys.com,†+Ø>Ïârñ÷ï /Å'Ù¨3),"Wingtip Toys (Athol Springs, NY)"
229,Novelty_ShopPaw_Paw_LakeMI@Wingtip_Toys.com,†+Ø>Ïârñ÷ï /Å'Ù¨3),"Wingtip Toys (Paw Paw Lake, MI)"
230,Quiosk_LilbournMO@Wingtip_Toys.com,†+Ø>Ïârñ÷ï /Å'Ù¨3),"Wingtip Toys (Lilbourn, MO)"
231,24H_ShopLost_RiverID@Wingtip_Toys.com,†+Ø>Ïârñ÷ï /Å'Ù¨3),"Wingtip Toys (Lost River, ID)"
232,Gas_Station_ShopRosa_SánchezPR@Wingtip_Toys.com,†+Ø>Ïârñ÷ï /Å'Ù¨3),"Wingtip Toys (Rosa Sánchez, PR)"
233,Novelty_ShopVamoFL@Wingtip_Toys.com,†+Ø>Ïârñ÷ï /Å'Ù¨3),"Wingtip Toys (Vamo, FL)"
234,Kiosk_BalkoOK@Wingtip_Toys.com,†+Ø>Ïârñ÷ï /Å'Ù¨3),"Wingtip Toys (Balko, OK)"
235,Gas_Station_ShopLime_LakeNY@Wingtip_Toys.com,†+Ø>Ïârñ÷ï /Å'Ù¨3),"Wingtip Toys (Lime Lake, NY)"
236,Novelty_ShopTeutopolisIL@Wingtip_Toys.com,†+Ø>Ïârñ÷ï /Å'Ù¨3),"Wingtip Toys (Teutopolis, IL)"
237,Kiosk_GargathaVA@Wingtip_Toys.com,†+Ø>Ïârñ÷ï /Å'Ù¨3),"Wingtip Toys (Gargatha, VA)"
238,Gas_Station_ShopCadoganPA@Wingtip_Toys.com,†+Ø>Ïârñ÷ï /Å'Ù¨3),"Wingtip Toys (Cadogan, PA)"
239,Kiosk_LucasvilleOH@Wingtip_Toys.com,†+Ø>Ïârñ÷ï /Å'Ù¨3),"Wingtip Toys (Lucasville, OH)"
240,Kiosk_CylonWI@Wingtip_Toys.com,†+Ø>Ïârñ÷ï /Å'Ù¨3),"Wingtip Toys (Cylon, WI)"
241,Novelty_ShopAsherOK@Wingtip_Toys.com,†+Ø>Ïârñ÷ï /Å'Ù¨3),"Wingtip Toys (Asher, OK)"
242,Novelty_ShopKeosauquaIA@Wingtip_Toys.com,†+Ø>Ïârñ÷ï /Å'Ù¨3),"Wingtip Toys (Keosauqua, IA)"
243,24H_ShopHomer_CityPA@Wingtip_Toys.com,†+Ø>Ïârñ÷ï /Å'Ù¨3),"Wingtip Toys (Homer City, PA)"
244,Gas_Station_ShopBervilleMI@Wingtip_Toys.com,†+Ø>Ïârñ÷ï /Å'Ù¨3),"Wingtip Toys (Berville, MI)"
245,Novelty_ShopTeaSD@Wingtip_Toys.com,†+Ø>Ïârñ÷ï /Å'Ù¨3),"Wingtip Toys (Tea, SD)"
246,Novelty_ShopDaconoCO@Wingtip_Toys.com,†+Ø>Ïârñ÷ï /Å'Ù¨3),"Wingtip Toys (Dacono, CO)"
247,Gift_ShopSaint_LandryLA@Wingtip_Toys.com,†+Ø>Ïârñ÷ï /Å'Ù¨3),"Wingtip Toys (Saint Landry, LA)"
248,Gift_ShopCoinIA@Wingtip_Toys.com,†+Ø>Ïârñ÷ï /Å'Ù¨3),"Wingtip Toys (Coin, IA)"
249,24H_ShopSalt_WellsNV@Wingtip_Toys.com,†+Ø>Ïârñ÷ï /Å'Ù¨3),"Wingtip Toys (Salt Wells, NV)"
250,Gas_Station_ShopDelrayWV@Wingtip_Toys.com,†+Ø>Ïârñ÷ï /Å'Ù¨3),"Wingtip Toys (Delray, WV)"
251,Novelty_ShopMount_SummitIN@Wingtip_Toys.com,†+Ø>Ïârñ÷ï /Å'Ù¨3),"Wingtip Toys (Mount Summit, IN)"
252,Gift_ShopSmootWY@Wingtip_Toys.com,†+Ø>Ïârñ÷ï /Å'Ù¨3),"Wingtip Toys (Smoot, WY)"
253,Novelty_ShopLake_DavisCA@Wingtip_Toys.com,†+Ø>Ïârñ÷ï /Å'Ù¨3),"Wingtip Toys (Lake Davis, CA)"
254,Kiosk_StanardsvilleVA@Wingtip_Toys.com,†+Ø>Ïârñ÷ï /Å'Ù¨3),"Wingtip Toys (Stanardsville, VA)"
255,Gas_Station_ShopCorcovadoPR@Wingtip_Toys.com,†+Ø>Ïârñ÷ï /Å'Ù¨3),"Wingtip Toys (Corcovado, PR)"
256,24H_ShopTaft_HeightsCA@Wingtip_Toys.com,†+Ø>Ïârñ÷ï /Å'Ù¨3),"Wingtip Toys (Taft Heights, CA)"
257,Novelty_ShopWest_HempsteadNY@Wingtip_Toys.com,†+Ø>Ïârñ÷ï /Å'Ù¨3),"Wingtip Toys (West Hempstead, NY)"
258,Gas_Station_ShopPortalesNM@Wingtip_Toys.com,†+Ø>Ïârñ÷ï /Å'Ù¨3),"Wingtip Toys (Portales, NM)"
259,Novelty_ShopCokerAL@Wingtip_Toys.com,†+Ø>Ïârñ÷ï /Å'Ù¨3),"Wingtip Toys (Coker, AL)"
260,Novelty_ShopHaydenvilleOH@Wingtip_Toys.com,†+Ø>Ïârñ÷ï /Å'Ù¨3),"Wingtip Toys (Haydenville, OH)"
261,Gas_Station_ShopMayhillNM@Wingtip_Toys.com,†+Ø>Ïârñ÷ï /Å'Ù¨3),"Wingtip Toys (Mayhill, NM)"
262,Gift_ShopVairTX@Wingtip_Toys.com,†+Ø>Ïârñ÷ï /Å'Ù¨3),"Wingtip Toys (Vair, TX)"
263,Novelty_ShopCrossroadsNM@Wingtip_Toys.com,†+Ø>Ïârñ÷ï /Å'Ù¨3),"Wingtip Toys (Crossroads, NM)"
264,Novelty_ShopCowlingtonOK@Wingtip_Toys.com,†+Ø>Ïârñ÷ï /Å'Ù¨3),"Wingtip Toys (Cowlington, OK)"
265,Kiosk_Glen_UllinND@Wingtip_Toys.com,†+Ø>Ïârñ÷ï /Å'Ù¨3),"Wingtip Toys (Glen Ullin, ND)"
266,Novelty_ShopOologahOK@Wingtip_Toys.com,†+Ø>Ïârñ÷ï /Å'Ù¨3),"Wingtip Toys (Oologah, OK)"
267,Gas_Station_ShopLytleTX@Wingtip_Toys.com,†+Ø>Ïârñ÷ï /Å'Ù¨3),"Wingtip Toys (Lytle, TX)"
268,Kiosk_MahaffeyPA@Wingtip_Toys.com,†+Ø>Ïârñ÷ï /Å'Ù¨3),"Wingtip Toys (Mahaffey, PA)"
269,Novelty_ShopSunburgMN@Wingtip_Toys.com,†+Ø>Ïârñ÷ï /Å'Ù¨3),"Wingtip Toys (Sunburg, MN)"
270,Novelty_ShopJohnettaKY@Wingtip_Toys.com,†+Ø>Ïârñ÷ï /Å'Ù¨3),"Wingtip Toys (Johnetta, KY)"
271,24H_ShopUniversal_CityTX@Wingtip_Toys.com,†+Ø>Ïârñ÷ï /Å'Ù¨3),"Wingtip Toys (Universal City, TX)"
272,Novelty_ShopRidgemarkCA@Wingtip_Toys.com,†+Ø>Ïârñ÷ï /Å'Ù¨3),"Wingtip Toys (Ridgemark, CA)"
273,Novelty_ShopSan_JacintoCA@Wingtip_Toys.com,†+Ø>Ïârñ÷ï /Å'Ù¨3),"Wingtip Toys (San Jacinto, CA)"
274,Gift_ShopFloristonCA@Wingtip_Toys.com,†+Ø>Ïârñ÷ï /Å'Ù¨3),"Wingtip Toys (Floriston, CA)"
275,Novelty_ShopBokeeliaFL@Wingtip_Toys.com,†+Ø>Ïârñ÷ï /Å'Ù¨3),"Wingtip Toys (Bokeelia, FL)"
276,Gift_ShopCaleAR@Wingtip_Toys.com,†+Ø>Ïârñ÷ï /Å'Ù¨3),"Wingtip Toys (Cale, AR)"
277,Novelty_ShopKarthausPA@Wingtip_Toys.com,†+Ø>Ïârñ÷ï /Å'Ù¨3),"Wingtip Toys (Karthaus, PA)"
278,Novelty_ShopGlancyMS@Wingtip_Toys.com,†+Ø>Ïârñ÷ï /Å'Ù¨3),"Wingtip Toys (Glancy, MS)"
279,Gift_ShopStoneboroPA@Wingtip_Toys.com,†+Ø>Ïârñ÷ï /Å'Ù¨3),"Wingtip Toys (Stoneboro, PA)"
280,24H_ShopMierIN@Wingtip_Toys.com,†+Ø>Ïârñ÷ï /Å'Ù¨3),"Wingtip Toys (Mier, IN)"
281,Novelty_ShopWapinitiaOR@Wingtip_Toys.com,†+Ø>Ïârñ÷ï /Å'Ù¨3),"Wingtip Toys (Wapinitia, OR)"
282,Kiosk_White_ChurchMO@Wingtip_Toys.com,†+Ø>Ïârñ÷ï /Å'Ù¨3),"Wingtip Toys (White Church, MO)"
283,Quiosk_CatonNY@Wingtip_Toys.com,†+Ø>Ïârñ÷ï /Å'Ù¨3),"Wingtip Toys (Caton, NY)"
284,Novelty_ShopPlum_BranchSC@Wingtip_Toys.com,†+Ø>Ïârñ÷ï /Å'Ù¨3),"Wingtip Toys (Plum Branch, SC)"
285,Novelty_ShopMauldinSC@Wingtip_Toys.com,†+Ø>Ïârñ÷ï /Å'Ù¨3),"Wingtip Toys (Mauldin, SC)"
286,Novelty_ShopBonner_SpringsKS@Wingtip_Toys.com,†+Ø>Ïârñ÷ï /Å'Ù¨3),"Wingtip Toys (Bonner Springs, KS)"
287,Novelty_ShopLowellvilleOH@Wingtip_Toys.com,†+Ø>Ïârñ÷ï /Å'Ù¨3),"Wingtip Toys (Lowellville, OH)"
288,Novelty_ShopElversonPA@Wingtip_Toys.com,†+Ø>Ïârñ÷ï /Å'Ù¨3),"Wingtip Toys (Elverson, PA)"
289,Gift_ShopIsabelaPR@Wingtip_Toys.com,†+Ø>Ïârñ÷ï /Å'Ù¨3),"Wingtip Toys (Isabela, PR)"
290,Gift_ShopSaynerWI@Wingtip_Toys.com,†+Ø>Ïârñ÷ï /Å'Ù¨3),"Wingtip Toys (Sayner, WI)"
291,Gift_ShopBealsME@Wingtip_Toys.com,†+Ø>Ïârñ÷ï /Å'Ù¨3),"Wingtip Toys (Beals, ME)"
292,Novelty_ShopMorton_GroveIL@Wingtip_Toys.com,†+Ø>Ïârñ÷ï /Å'Ù¨3),"Wingtip Toys (Morton Grove, IL)"
293,Kiosk_BirdsIL@Wingtip_Toys.com,†+Ø>Ïârñ÷ï /Å'Ù¨3),"Wingtip Toys (Birds, IL)"
294,Novelty_ShopFederalsburgMD@Wingtip_Toys.com,†+Ø>Ïârñ÷ï /Å'Ù¨3),"Wingtip Toys (Federalsburg, MD)"
295,24H_ShopPikeviewCO@Wingtip_Toys.com,†+Ø>Ïârñ÷ï /Å'Ù¨3),"Wingtip Toys (Pikeview, CO)"
296,24H_ShopBoalsburgPA@Wingtip_Toys.com,†+Ø>Ïârñ÷ï /Å'Ù¨3),"Wingtip Toys (Boalsburg, PA)"
297,24H_ShopPort_HuenemeCA@Wingtip_Toys.com,†+Ø>Ïârñ÷ï /Å'Ù¨3),"Wingtip Toys (Port Hueneme, CA)"
298,KioskVerderySC@Wingtip_Toys.com,†+Ø>Ïârñ÷ï /Å'Ù¨3),"Wingtip Toys (Verdery, SC)"
299,Kiosk_ObetzOH@Wingtip_Toys.com,†+Ø>Ïârñ÷ï /Å'Ù¨3),"Wingtip Toys (Obetz, OH)"
300,Gift_ShopEast_FultonhamOH@Wingtip_Toys.com,†+Ø>Ïârñ÷ï /Å'Ù¨3),"Wingtip Toys (East Fultonham, OH)"
301,Kiosk_ObionTN@Wingtip_Toys.com,†+Ø>Ïârñ÷ï /Å'Ù¨3),"Wingtip Toys (Obion, TN)"
302,Kiosk_CavendishVT@Wingtip_Toys.com,†+Ø>Ïârñ÷ï /Å'Ù¨3),"Wingtip Toys (Cavendish, VT)"
303,Gift_ShopMiesvilleMN@Wingtip_Toys.com,†+Ø>Ïârñ÷ï /Å'Ù¨3),"Wingtip Toys (Miesville, MN)"
304,24H_ShopValhallaNC@Wingtip_Toys.com,†+Ø>Ïârñ÷ï /Å'Ù¨3),"Wingtip Toys (Valhalla, NC)"
305,Novelty_ShopCape_NeddickME@Wingtip_Toys.com,†+Ø>Ïârñ÷ï /Å'Ù¨3),"Wingtip Toys (Cape Neddick, ME)"
306,24H_ShopSilver_PlumeCO@Wingtip_Toys.com,†+Ø>Ïârñ÷ï /Å'Ù¨3),"Wingtip Toys (Silver Plume, CO)"
307,Novelty_ShopNorth_Beach_HavenNJ@Wingtip_Toys.com,†+Ø>Ïârñ÷ï /Å'Ù¨3),"Wingtip Toys (North Beach Haven, NJ)"
308,Gas_Station_ShopDowningtownPA@Wingtip_Toys.com,†+Ø>Ïârñ÷ï /Å'Ù¨3),"Wingtip Toys (Downingtown, PA)"
309,Novelty_ShopBranson_WestMO@Wingtip_Toys.com,†+Ø>Ïârñ÷ï /Å'Ù¨3),"Wingtip Toys (Branson West, MO)"
310,Gift_ShopBergen_ParkCO@Wingtip_Toys.com,†+Ø>Ïârñ÷ï /Å'Ù¨3),"Wingtip Toys (Bergen Park, CO)"
311,Novelty_ShopGrabillIN@Wingtip_Toys.com,†+Ø>Ïârñ÷ï /Å'Ù¨3),"Wingtip Toys (Grabill, IN)"
312,Gas_Station_ShopNorth_ManitouMI@Wingtip_Toys.com,†+Ø>Ïârñ÷ï /Å'Ù¨3),"Wingtip Toys (North Manitou, MI)"
313,Novelty_ShopPhilipSD@Wingtip_Toys.com,†+Ø>Ïârñ÷ï /Å'Ù¨3),"Wingtip Toys (Philip, SD)"
314,Kiosk_StraughnIN@Wingtip_Toys.com,†+Ø>Ïârñ÷ï /Å'Ù¨3),"Wingtip Toys (Straughn, IN)"
315,Novelty_ShopGilfordNH@Wingtip_Toys.com,†+Ø>Ïârñ÷ï /Å'Ù¨3),"Wingtip Toys (Gilford, NH)"
316,GiftShopDel_ValleTX@Wingtip_Toys.com,†+Ø>Ïârñ÷ï /Å'Ù¨3),"Wingtip Toys (Del Valle, TX)"
317,Gift_ShopHarkers_IslandNC@Wingtip_Toys.com,†+Ø>Ïârñ÷ï /Å'Ù¨3),"Wingtip Toys (Harkers Island, NC)"
318,Kiosk_LickingMO@Wingtip_Toys.com,†+Ø>Ïârñ÷ï /Å'Ù¨3),"Wingtip Toys (Licking, MO)"
319,Kiosk_RatonNM@Wingtip_Toys.com,†+Ø>Ïârñ÷ï /Å'Ù¨3),"Wingtip Toys (Raton, NM)"
320,Novelty_ShopBoyntonOK@Wingtip_Toys.com,†+Ø>Ïârñ÷ï /Å'Ù¨3),"Wingtip Toys (Boynton, OK)"
321,Kiosk_FrenchburgKY@Wingtip_Toys.com,†+Ø>Ïârñ÷ï /Å'Ù¨3),"Wingtip Toys (Frenchburg, KY)"
322,Kiosk_RobertsdaleAL@Wingtip_Toys.com,†+Ø>Ïârñ÷ï /Å'Ù¨3),"Wingtip Toys (Robertsdale, AL)"
323,Gift_ShopDickersonMD@Wingtip_Toys.com,†+Ø>Ïârñ÷ï /Å'Ù¨3),"Wingtip Toys (Dickerson, MD)"
324,Gift_ShopBruceton_MillsWV@Wingtip_Toys.com,†+Ø>Ïârñ÷ï /Å'Ù¨3),"Wingtip Toys (Bruceton Mills, WV)"
325,24H_ShopCloquetMN@Wingtip_Toys.com,†+Ø>Ïârñ÷ï /Å'Ù¨3),"Wingtip Toys (Cloquet, MN)"
326,Kiosk_ClaycomoMO@Wingtip_Toys.com,†+Ø>Ïârñ÷ï /Å'Ù¨3),"Wingtip Toys (Claycomo, MO)"
327,Kiosk_BeekmantownNY@Wingtip_Toys.com,†+Ø>Ïârñ÷ï /Å'Ù¨3),"Wingtip Toys (Beekmantown, NY)"
328,Kiosk_Islip_TerraceNY@Wingtip_Toys.com,†+Ø>Ïârñ÷ï /Å'Ù¨3),"Wingtip Toys (Islip Terrace, NY)"
329,Novelty_ShopRich_CreekVA@Wingtip_Toys.com,†+Ø>Ïârñ÷ï /Å'Ù¨3),"Wingtip Toys (Rich Creek, VA)"
330,Gas_Station_ShopGriswoldvilleGA@Wingtip_Toys.com,†+Ø>Ïârñ÷ï /Å'Ù¨3),"Wingtip Toys (Griswoldville, GA)"
331,Kiosk_East_MountainTX@Wingtip_Toys.com,†+Ø>Ïârñ÷ï /Å'Ù¨3),"Wingtip Toys (East Mountain, TX)"
332,Novelty_ShopOmerMI@Wingtip_Toys.com,†+Ø>Ïârñ÷ï /Å'Ù¨3),"Wingtip Toys (Omer, MI)"
333,Novelty_ShopWaycrossGA@Wingtip_Toys.com,†+Ø>Ïârñ÷ï /Å'Ù¨3),"Wingtip Toys (Waycross, GA)"
334,Novelty_ShopNichols_HillsOK@Wingtip_Toys.com,†+Ø>Ïârñ÷ï /Å'Ù¨3),"Wingtip Toys (Nichols Hills, OK)"
335,Gas_Station_ShopPlaquemineLA@Wingtip_Toys.com,†+Ø>Ïârñ÷ï /Å'Ù¨3),"Wingtip Toys (Plaquemine, LA)"
336,Gift_ShopTriadelphiaWV@Wingtip_Toys.com,†+Ø>Ïârñ÷ï /Å'Ù¨3),"Wingtip Toys (Triadelphia, WV)"
337,24H_ShopFerneySD@Wingtip_Toys.com,†+Ø>Ïârñ÷ï /Å'Ù¨3),"Wingtip Toys (Ferney, SD)"
338,Gas_Station_ShopAkhiokAK@Wingtip_Toys.com,†+Ø>Ïârñ÷ï /Å'Ù¨3),"Wingtip Toys (Akhiok, AK)"
339,Gift_ShopDeesonMS@Wingtip_Toys.com,†+Ø>Ïârñ÷ï /Å'Ù¨3),"Wingtip Toys (Deeson, MS)"
340,24H_ShopNuangolaPA@Wingtip_Toys.com,†+Ø>Ïârñ÷ï /Å'Ù¨3),"Wingtip Toys (Nuangola, PA)"
341,24H_ShopWeldME@Wingtip_Toys.com,†+Ø>Ïârñ÷ï /Å'Ù¨3),"Wingtip Toys (Weld, ME)"
342,Novelty_ShopMickletonNJ@Wingtip_Toys.com,†+Ø>Ïârñ÷ï /Å'Ù¨3),"Wingtip Toys (Mickleton, NJ)"
343,Novelty_ShopScherervilleIN@Wingtip_Toys.com,†+Ø>Ïârñ÷ï /Å'Ù¨3),"Wingtip Toys (Schererville, IN)"
344,Gift_ShopLexington_HeightsMI@Wingtip_Toys.com,†+Ø>Ïârñ÷ï /Å'Ù¨3),"Wingtip Toys (Lexington Heights, MI)"
345,Novelty_ShopBroomtownAL@Wingtip_Toys.com,†+Ø>Ïârñ÷ï /Å'Ù¨3),"Wingtip Toys (Broomtown, AL)"
346,Gas_Station_ShopJamisonIA@Wingtip_Toys.com,†+Ø>Ïârñ÷ï /Å'Ù¨3),"Wingtip Toys (Jamison, IA)"
347,Novelty_ShopKey_BiscayneFL@Wingtip_Toys.com,†+Ø>Ïârñ÷ï /Å'Ù¨3),"Wingtip Toys (Key Biscayne, FL)"
348,24H_ShopChaseleyND@Wingtip_Toys.com,†+Ø>Ïârñ÷ï /Å'Ù¨3),"Wingtip Toys (Chaseley, ND)"
349,Kiosk_Indian_CreekIL@Wingtip_Toys.com,†+Ø>Ïârñ÷ï /Å'Ù¨3),"Wingtip Toys (Indian Creek, IL)"
350,24H_ShopLake_RonkonkomaNY@Wingtip_Toys.com,†+Ø>Ïârñ÷ï /Å'Ù¨3),"Wingtip Toys (Lake Ronkonkoma, NY)"
351,Novelty_ShopMorrison_BluffAR@Wingtip_Toys.com,†+Ø>Ïârñ÷ï /Å'Ù¨3),"Wingtip Toys (Morrison Bluff, AR)"
352,24H_ShopHuntingburgIN@Wingtip_Toys.com,†+Ø>Ïârñ÷ï /Å'Ù¨3),"Wingtip Toys (Huntingburg, IN)"
353,Kiosk_ShayPA@Wingtip_Toys.com,†+Ø>Ïârñ÷ï /Å'Ù¨3),"Wingtip Toys (Shay, PA)"
354,Gas_Station_ShopHelotesTX@Wingtip_Toys.com,†+Ø>Ïârñ÷ï /Å'Ù¨3),"Wingtip Toys (Helotes, TX)"
355,Novelty_ShopHollandsburgIN@Wingtip_Toys.com,†+Ø>Ïârñ÷ï /Å'Ù¨3),"Wingtip Toys (Hollandsburg, IN)"
356,Gift_ShopLiberty_GroveMD@Wingtip_Toys.com,†+Ø>Ïârñ÷ï /Å'Ù¨3),"Wingtip Toys (Liberty Grove, MD)"
357,Novelty_ShopMoritaTX@Wingtip_Toys.com,†+Ø>Ïârñ÷ï /Å'Ù¨3),"Wingtip Toys (Morita, TX)"
358,Novelty_ShopNew_LagunaNM@Wingtip_Toys.com,†+Ø>Ïârñ÷ï /Å'Ù¨3),"Wingtip Toys (New Laguna, NM)"
359,Gift_ShopBournevilleOH@Wingtip_Toys.com,†+Ø>Ïârñ÷ï /Å'Ù¨3),"Wingtip Toys (Bourneville, OH)"
360,Novelty_ShopMendozaTX@Wingtip_Toys.com,†+Ø>Ïârñ÷ï /Å'Ù¨3),"Wingtip Toys (Mendoza, TX)"
361,Gas_Station_ShopPalmas_del_MarPR@Wingtip_Toys.com,†+Ø>Ïârñ÷ï /Å'Ù¨3),"Wingtip Toys (Palmas del Mar, PR)"
362,Gas_Station_ShopMarion_JunctionAL@Wingtip_Toys.com,†+Ø>Ïârñ÷ï /Å'Ù¨3),"Wingtip Toys (Marion Junction, AL)"
363,Gas_Station_ShopWare_ShoalsSC@Wingtip_Toys.com,†+Ø>Ïârñ÷ï /Å'Ù¨3),"Wingtip Toys (Ware Shoals, SC)"
364,24H_ShopLostineOR@Wingtip_Toys.com,†+Ø>Ïârñ÷ï /Å'Ù¨3),"Wingtip Toys (Lostine, OR)"
365,Novelty_ShopTilledaWI@Wingtip_Toys.com,†+Ø>Ïârñ÷ï /Å'Ù¨3),"Wingtip Toys (Tilleda, WI)"
366,Gift_ShopWapitiWY@Wingtip_Toys.com,†+Ø>Ïârñ÷ï /Å'Ù¨3),"Wingtip Toys (Wapiti, WY)"
367,Gas_Station_ShopAmadoAZ@Wingtip_Toys.com,†+Ø>Ïârñ÷ï /Å'Ù¨3),"Wingtip Toys (Amado, AZ)"
368,24H_ShopJeromesvilleOH@Wingtip_Toys.com,†+Ø>Ïârñ÷ï /Å'Ù¨3),"Wingtip Toys (Jeromesville, OH)"
369,Kiosk_OvillaTX@Wingtip_Toys.com,†+Ø>Ïârñ÷ï /Å'Ù¨3),"Wingtip Toys (Ovilla, TX)"
370,24H_ShopWest_FrostproofFL@Wingtip_Toys.com,†+Ø>Ïârñ÷ï /Å'Ù¨3),"Wingtip Toys (West Frostproof, FL)"
371,24H_ShopFlomatonAL@Wingtip_Toys.com,†+Ø>Ïârñ÷ï /Å'Ù¨3),"Wingtip Toys (Flomaton, AL)"
372,Gas_Station_ShopPawletVT@Wingtip_Toys.com,†+Ø>Ïârñ÷ï /Å'Ù¨3),"Wingtip Toys (Pawlet, VT)"
373,Gift_ShopTrout_RunPA@Wingtip_Toys.com,†+Ø>Ïârñ÷ï /Å'Ù¨3),"Wingtip Toys (Trout Run, PA)"
374,24H_ShopMarin_CityCA@Wingtip_Toys.com,†+Ø>Ïârñ÷ï /Å'Ù¨3),"Wingtip Toys (Marin City, CA)"
375,Kiosk_MolallaOR@Wingtip_Toys.com,†+Ø>Ïârñ÷ï /Å'Ù¨3),"Wingtip Toys (Molalla, OR)"
376,Gas_Station_ShopTrumansburgNY@Wingtip_Toys.com,†+Ø>Ïârñ÷ï /Å'Ù¨3),"Wingtip Toys (Trumansburg, NY)"
377,Novelty_ShopGoodings_GroveIL@Wingtip_Toys.com,†+Ø>Ïârñ÷ï /Å'Ù¨3),"Wingtip Toys (Goodings Grove, IL)"
378,Kiosk_CherryplainNY@Wingtip_Toys.com,†+Ø>Ïârñ÷ï /Å'Ù¨3),"Wingtip Toys (Cherryplain, NY)"
379,Novelty_ShopBell_AcresPA@Wingtip_Toys.com,†+Ø>Ïârñ÷ï /Å'Ù¨3),"Wingtip Toys (Bell Acres, PA)"
380,24H_ShopConnoquenessingPA@Wingtip_Toys.com,†+Ø>Ïârñ÷ï /Å'Ù¨3),"Wingtip Toys (Connoquenessing, PA)"
381,Gas_Station_ShopSarversvillePA@Wingtip_Toys.com,†+Ø>Ïârñ÷ï /Å'Ù¨3),"Wingtip Toys (Sarversville, PA)"
382,Novelty_ShopMunichND@Wingtip_Toys.com,†+Ø>Ïârñ÷ï /Å'Ù¨3),"Wingtip Toys (Munich, ND)"
383,Novelty_ShopMontoyaNM@Wingtip_Toys.com,†+Ø>Ïârñ÷ï /Å'Ù¨3),"Wingtip Toys (Montoya, NM)"
384,Gas_Station_ShopKnights_LandingCA@Wingtip_Toys.com,†+Ø>Ïârñ÷ï /Å'Ù¨3),"Wingtip Toys (Knights Landing, CA)"
385,Novelty_ShopCacheOK@Wingtip_Toys.com,†+Ø>Ïârñ÷ï /Å'Ù¨3),"Wingtip Toys (Cache, OK)"
386,Gas_Station_ShopTowacoNJ@Wingtip_Toys.com,†+Ø>Ïârñ÷ï /Å'Ù¨3),"Wingtip Toys (Towaco, NJ)"
387,Novelty_ShopLynneFL@Wingtip_Toys.com,†+Ø>Ïârñ÷ï /Å'Ù¨3),"Wingtip Toys (Lynne, FL)"
388,Novelty_ShopPlataTX@Wingtip_Toys.com,†+Ø>Ïârñ÷ï /Å'Ù¨3),"Wingtip Toys (Plata, TX)"
389,Novelty_ShopOak_PointTX@Wingtip_Toys.com,†+Ø>Ïârñ÷ï /Å'Ù¨3),"Wingtip Toys (Oak Point, TX)"
390,24H_ShopAlcesterSD@Wingtip_Toys.com,†+Ø>Ïârñ÷ï /Å'Ù¨3),"Wingtip Toys (Alcester, SD)"
391,Novelty_ShopMcAdenvilleNC@Wingtip_Toys.com,†+Ø>Ïârñ÷ï /Å'Ù¨3),"Wingtip Toys (McAdenville, NC)"
392,Gift_ShopIdaho_CityID@Wingtip_Toys.com,†+Ø>Ïârñ÷ï /Å'Ù¨3),"Wingtip Toys (Idaho City, ID)"
393,Novelty_ShopDunkertonIA@Wingtip_Toys.com,†+Ø>Ïârñ÷ï /Å'Ù¨3),"Wingtip Toys (Dunkerton, IA)"
394,Kiosk_CuyamungueNM@Wingtip_Toys.com,†+Ø>Ïârñ÷ï /Å'Ù¨3),"Wingtip Toys (Cuyamungue, NM)"
395,Kiosk_MarfaTX@Wingtip_Toys.com,†+Ø>Ïârñ÷ï /Å'Ù¨3),"Wingtip Toys (Marfa, TX)"
396,Gas_Station_ShopAccomacVA@Wingtip_Toys.com,†+Ø>Ïârñ÷ï /Å'Ù¨3),"Wingtip Toys (Accomac, VA)"
397,Kiosk_Cos_CobCT@Wingtip_Toys.com,†+Ø>Ïârñ÷ï /Å'Ù¨3),"Wingtip Toys (Cos Cob, CT)"
398,24H_ShopHaycockAK@Wingtip_Toys.com,†+Ø>Ïârñ÷ï /Å'Ù¨3),"Wingtip Toys (Haycock, AK)"
399,24H_ShopKapa'aHI@Wingtip_Toys.com,†+Ø>Ïârñ÷ï /Å'Ù¨3),"Wingtip Toys (Kapa'a, HI)"
400,Gas_Station_ShopDickworshamTX@Wingtip_Toys.com,†+Ø>Ïârñ÷ï /Å'Ù¨3),"Wingtip Toys (Dickworsham, TX)"
401,KioskCaroMI@Wingtip_Toys.com,†+Ø>Ïârñ÷ï /Å'Ù¨3),"Wingtip Toys (Caro, MI)"
402,Novelty_ShopRuthsburgMD@Wingtip_Toys.com,†+Ø>Ïârñ÷ï /Å'Ù¨3),"Wingtip Toys (Ruthsburg, MD)"
403,Lily_Code@employees.com,†+Ø>Ïârñ÷ï /Å'Ù¨3),Lily Code
404,Isabella_Rupp@employees.com,†+Ø>Ïârñ÷ï /Å'Ù¨3),Isabella Rupp
405,Ethan_Onslow@employees.com,†+Ø>Ïârñ÷ï /Å'Ù¨3),Ethan Onslow
406,Amy_Trefl@employees.com,†+Ø>Ïârñ÷ï /Å'Ù¨3),Amy Trefl
407,Jai_Shand@employees.com,†+Ø>Ïârñ÷ï /Å'Ù¨3),Jai Shand
408,Anthony_Grosse@employees.com,†+Ø>Ïârñ÷ï /Å'Ù¨3),Anthony Grosse
409,Taj_Shand@employees.com,†+Ø>Ïârñ÷ï /Å'Ù¨3),Taj Shand
410,Hudson_Hollinworth@employees.com,†+Ø>Ïârñ÷ï /Å'Ù¨3),Hudson Hollinworth
411,Jack_Potter@employees.com,†+Ø>Ïârñ÷ï /Å'Ù¨3),Jack Potter
412,Piper_Koch@employees.com,†+Ø>Ïârñ÷ï /Å'Ù¨3),Piper Koch
413,Hudson_Onslow@employees.com,†+Ø>Ïârñ÷ï /Å'Ù¨3),Hudson Onslow
414,Sophia_Hinton@employees.com,†+Ø>Ïârñ÷ï /Å'Ù¨3),Sophia Hinton
415,Henry_Forlonge@employees.com,†+Ø>Ïârñ÷ï /Å'Ù¨3),Henry Forlonge
416,Stella_Rosenhain@employees.com,†+Ø>Ïârñ÷ï /Å'Ù¨3),Stella Rosenhain
417,Kayla_Woodcock@employees.com,†+Ø>Ïârñ÷ï /Å'Ù¨3),Kayla Woodcock
418,Katie_Darwin@employees.com,†+Ø>Ïârñ÷ï /Å'Ù¨3),Katie Darwin
419,Alica_Fatnowna@employees.com,†+Ø>Ïârñ÷ï /Å'Ù¨3),Alica Fatnowna
420,Eva_Muirden@employees.com,†+Ø>Ïârñ÷ï /Å'Ù¨3),Eva Muirden
421,Archer_Lamble@employees.com,†+Ø>Ïârñ÷ï /Å'Ù¨3),Archer Lamble
423,nunoreis@ips.com,°øº¤V0‰«Lf–Ùßw\Ùf,Nuno Reis
